"Project.Name","Out.Degrees","In.Degrees"
"1602/elm-feather",3,0
"1602/json-schema",2,0
"1602/json-value",1,0
"2mol/elm-colormaps",1,0
"aardito2/realm",1,0
"AaronCZim/to-elm-format-string",2,0
"abadi199/dateparser",4,3
"abadi199/datetimepicker",8,3
"abadi199/datetimepicker-css",5,0
"abadi199/elm-creditcard",4,0
"abadi199/elm-input-extra",7,1
"abadi199/intl-phone-input",7,0
"abrykajlo/elm-scroll",2,1
"adam-r-kowalski/Elm-Css",3,0
"adam-r-kowalski/elm-css-legacy",3,0
"adeschamps/mdl-context",3,0
"adius/vectual",8,0
"agrafix/elm-bootforms",7,0
"ahstro/elm-konami-code",2,0
"ahstro/elm-luhn",1,1
"ahstro/elm-ssn-validation",2,0
"airtucha/board",2,0
"airtucha/pathfinder",2,0
"AIRTucha/pathfinder",2,0
"akbiggs/elm-effects",2,1
"akbiggs/elm-game-update",2,0
"akheron/elm-easter",3,0
"akoppela/elm-autocomplete",3,0
"akoppela/elm-css-extra-properties",2,0
"akoppela/elm-css-extra-ptoperties",2,0
"akoppela/elm-logo",4,0
"alech/elm-calendarweeks",2,0
"alepop/elm-google-url-shortener",2,0
"alexeisavca/keyframes.elm",1,0
"alinz/elm-vector2d",1,0
"alltonp/elm-driveby",3,0
"alpacaaa/elm-date-distance",3,0
"aluuu/elm-check-io",3,0
"amaksimov/elm-maybe-pipeline",1,0
"amaksimov/elm-multikey-handling",2,0
"amazzeo/elm-math-strings",2,0
"amilner42/keyboard-extra",2,0
"amitu/elm-formatting",2,0
"andre-dietrich/parser-combinators",2,0
"andrewMacmurray/elm-delay",1,0
"andybalaam/elm-param-parsing",4,0
"andys8/elm-geohash",1,0
"antivanov/eunit",2,0
"Apanatshka/elm-list-ndet",1,0
"Apanatshka/elm-signal-extra",1,9
"aphorisme/elm-oprocesso",3,0
"apuchenkin/elm-multiway-tree-extra",2,1
"apuchenkin/elm-nested-router",14,0
"aramiscd/elm-basscss",2,0
"aristidesstaffieri/elm-poisson",3,0
"arnau/elm-feather",2,0
"arowM/elm-chat-scenario",4,0
"arowM/elm-check-button",4,0
"arowM/elm-default",2,0
"arowM/elm-embedded-gist",2,0
"arowM/elm-form-validator",2,0
"arowM/elm-istring",3,0
"arowM/elm-monoid",2,0
"arowM/elm-raw-html",2,0
"arowM/elm-show",2,0
"arowM/elm-time-machine",2,0
"arturopala/elm-monocle",6,3
"ashelab/elm-cqrs",3,0
"astynax/elm-state",3,0
"astynax/tea-combine",3,0
"ASVBPREAUBV/elm-flexbox",2,0
"athanclark/elm-debouncer",1,0
"athanclark/elm-discrete-transition",4,0
"athanclark/elm-duration",2,1
"athanclark/elm-every",1,0
"athanclark/elm-param-parsing-2",2,0
"athanclark/elm-threading",2,0
"avh4-experimental/elm-compose-programs",3,0
"avh4-experimental/elm-debug-controls-without-datepicker",5,0
"avh4-experimental/elm-layout",5,1
"avh4/elm-beautiful-example",6,0
"avh4/elm-debug-controls",5,0
"avh4/elm-diff",3,2
"avh4/elm-dropbox",9,0
"avh4/elm-favicon",2,0
"avh4/elm-fifo",1,1
"avh4/elm-meshes",3,0
"avh4/elm-spec",3,1
"avh4/elm-table",2,0
"avh4/elm-testable",6,1
"avh4/elm-transducers",1,0
"avh4/elm-typed-styles",2,0
"b52/elm-semantic-ui",2,0
"bakkemo/elm-collision",1,0
"bardt/elm-rosetree",3,0
"bartavelle/json-helpers",1,2
"base-dev/elm-graphql-module",2,0
"basti1302/elm-human-readable-filesize",2,0
"basti1302/elm-non-empty-array",2,0
"bcardiff/elm-debounce",1,0
"bcardiff/elm-infscroll",2,0
"benansell/elm-geometric-transformation",2,0
"benansell/lobo-elm-test-extra",3,0
"bendyworks/elm-action-cable",3,0
"benthepoet/elm-purecss",2,0
"Bernardoow/elm-alert-timer-message",2,0
"Bernardoow/elm-rating-component",3,0
"besuikerd/elm-dictset",1,1
"billperegoy/elm-form-validations",2,0
"billperegoy/elm-sifter",2,0
"billstclair/elm-bitwise-infix",1,2
"billstclair/elm-chat",3,0
"billstclair/elm-crypto-aes",3,1
"billstclair/elm-crypto-string",8,0
"billstclair/elm-dev-random",1,0
"billstclair/elm-digital-ocean",2,0
"billstclair/elm-dynamodb",4,0
"billstclair/elm-html-template",5,0
"billstclair/elm-oauth-middleware",6,0
"billstclair/elm-s3",4,0
"billstclair/elm-sha256",4,0
"billstclair/elm-simple-xml-to-json",4,0
"billstclair/elm-versioned-json",1,0
"billstclair/elm-xml-extra",4,1
"bitrage-io/elm-ratequeue",2,0
"blacksheepmails/elm-set",1,0
"bloom/aviators",4,0
"bloom/elm-return",1,0
"bloom/remotedata",4,0
"blue-dinosaur/lambda",3,0
"Bogdanp/elm-ast",5,1
"Bogdanp/elm-combine",3,31
"Bogdanp/elm-datepicker",2,0
"Bogdanp/elm-generate",1,0
"Bogdanp/elm-querystring",3,5
"Bogdanp/elm-route",4,1
"Bogdanp/elm-time",4,1
"Bractlet/elm-plot",5,0
"brainrape/elm-ast",3,0
"brainrape/elm-bidict",3,0
"brainrape/flex-html",4,0
"brenden/elm-tree-diagram",4,0
"BrianHicks/elm-avl-exploration",1,0
"BrianHicks/elm-benchmark",5,0
"BrianHicks/elm-trend",1,1
"bruz/elm-simple-form-infix",2,0
"burabure/elm-collision",1,0
"cacay/elm-void",1,0
"cakenggt/elm-net",1,0
"CallumJHays/elm-kalman-filter",1,0
"CallumJHays/elm-sliders",3,0
"CallumJHays/elm-unwrap",2,1
"camjc/elm-chart",3,0
"camjc/elm-quiz",3,0
"canadaduane/elm-hccb",4,0
"canadaduane/typed-svg",4,0
"capitalist/elm-octicons",3,0
"careport/elm-avl",2,0
"carwow/elm-core",8,0
"carwow/elm-slider",4,0
"carwow/elm-theme",5,1
"ccapndave/elm-effects-extra",2,0
"ccapndave/elm-flat-map",2,0
"ccapndave/elm-list-map",2,0
"ccapndave/elm-reflect",1,1
"ccapndave/elm-translator",4,0
"ccapndave/elm-update-extra",1,2
"ccapndave/focus",2,0
"Chadtech/ct-colors",3,0
"Chadtech/ctpaint-keys",7,0
"Chadtech/elm-bool-extra",2,0
"Chadtech/elm-loop",2,0
"Chadtech/elm-us-state-abbreviations",2,0
"Chadtech/hfnss",2,0
"Chadtech/id",3,0
"Chadtech/keyboard-extra-browser",2,0
"Chadtech/order",2,0
"Chadtech/random-pcg-pipeline",3,0
"Chadtech/random-pipeline",2,0
"Chadtech/tuple-infix",2,1
"Chadtech/unique-list",2,0
"chendrix/elm-matrix",10,0
"chendrix/elm-numpad",1,0
"chrilves/elm-io",3,0
"chrisalmeida/graphqelm",3,0
"chrisbuttery/elm-greeting",2,0
"chrisbuttery/elm-parting",2,0
"chrisbuttery/elm-scroll-progress",2,0
"chrisbuttery/is-online",2,0
"chrisbuttery/reading-time",2,0
"christophp/elm-i18next",3,0
"ChristophP/elm-i18next",3,0
"circuithub/elm-array-extra",1,3
"circuithub/elm-array-focus",2,0
"circuithub/elm-bootstrap-html",4,0
"circuithub/elm-filepickerio-api-types",1,0
"circuithub/elm-function-extra",1,0
"circuithub/elm-graphics-shorthand",1,0
"circuithub/elm-html-extra",2,3
"circuithub/elm-html-shorthand",5,1
"circuithub/elm-json-extra",1,1
"circuithub/elm-list-extra",1,4
"circuithub/elm-list-signal",1,0
"circuithub/elm-list-split",1,1
"circuithub/elm-maybe-extra",1,2
"circuithub/elm-number-format",2,0
"circuithub/elm-result-extra",1,2
"circuithub/elm-string-split",1,1
"cjduncana/three-words",3,0
"ckoster22/elm-genetic",2,0
"cobalamin/elm-json-extra",1,0
"cobalamin/history-tree",1,0
"cobalamin/safe-int",1,0
"comsysto/harvest-api",9,0
"coreytrampe/elm-vendor",1,6
"correl/elm-paginated",4,0
"cotterjd/elm-mdl",8,0
"crazymykl/ex-em-elm",2,0
"csicar/elm-mathui",7,0
"cuducos/elm-format-number",2,0
"cultureamp/elm-css-modules-loader",2,0
"cutsea110/elm-temperature",1,0
"dailydrip/elm-emoji",2,0
"dalen/elm-charts",6,0
"damienklinnert/elm-hue",3,0
"damienklinnert/elm-spinner",4,1
"damukles/elm-dialog",2,0
"Dandandan/Easing",1,4
"Dandandan/parser",7,3
"danielnarey/elm-bulma-classes",2,1
"danielnarey/elm-color-math",4,0
"danielnarey/elm-css-basics",3,4
"danielnarey/elm-css-frameworks",3,0
"danielnarey/elm-css-math",4,0
"danielnarey/elm-font-import",4,0
"danielnarey/elm-form-capture",5,0
"danielnarey/elm-html-tree",5,1
"danielnarey/elm-input-validation",3,1
"danielnarey/elm-modular-design",4,0
"danielnarey/elm-modular-ui",3,0
"danielnarey/elm-semantic-content",2,0
"danielnarey/elm-semantic-dom",2,2
"danielnarey/elm-semantic-effects",4,0
"danielnarey/elm-stylesheet",4,0
"danielnarey/elm-toolkit",1,11
"danielspaniol/elm-tuple-extra",2,0
"danmarcab/elm-retroactive",3,0
"danpalmer/elm-param-parsing",4,0
"danyx23/elm-dropzone",5,0
"danyx23/elm-mimetype",1,0
"danyx23/elm-uuid",2,3
"dasch/elm-basics-extra",1,0
"davidpelaez/elm-scenic",4,0
"DavidTobin/elm-key",2,0
"dawehner/elm-colorbrewer",1,0
"deadfoxygrandpa/elm-architecture",2,0
"deadfoxygrandpa/elm-test",3,28
"debois/elm-dom",3,17
"debois/elm-mdl",11,0
"debois/elm-parts",2,3
"derekdreery/elm-die-faces",1,0
"dhruvin2910/elm-css",2,0
"dillonkearns/graphqelm",8,1
"dillonkearns/graphqelm-demo",5,0
"dividat/elm-semver",2,0
"doodledood/elm-split-pane",3,0
"dosarf/elm-guarded-input",2,0
"drathier/elm-graph",6,2
"drathier/elm-test-graph",5,0
"DrBearhands/elm-json-editor",2,0
"drojas/elm-http-parser",3,0
"drojas/elm-task-middleware",1,0
"dtraft/elm-classnames",1,0
"duncanmalashock/json-rest-api",6,0
"dustinfarris/elm-autocomplete",3,0
"dustinspecker/capitalize-word",3,1
"dustinspecker/dict-key-values",3,1
"dustinspecker/is-fibonacci-number",3,0
"dustinspecker/last",3,0
"dustinspecker/list-join-conjunction",3,0
"dustinspecker/us-states",5,0
"dwyl/elm-input-tables",3,0
"edvail/elm-polymer",2,0
"eeue56/elm-all-dict",1,7
"eeue56/elm-alternative-json",2,0
"eeue56/elm-debug-json-view",5,0
"eeue56/elm-default-dict",1,0
"eeue56/elm-flat-matrix",7,4
"eeue56/elm-html-in-elm",2,2
"eeue56/elm-html-query",3,1
"eeue56/elm-html-test",5,0
"eeue56/elm-http-error-view",3,1
"eeue56/elm-json-field-value",2,0
"eeue56/elm-lazy",2,3
"eeue56/elm-lazy-list",3,2
"eeue56/elm-pretty-print-json",2,0
"eeue56/elm-shrink",4,3
"eeue56/elm-simple-data",1,0
"eeue56/elm-stringify",2,0
"eeue56/elm-xml",2,2
"egillet/elm-sortable-table",2,0
"eliaslfox/orderedmap",1,0
"eliaslfox/queue",1,0
"elm-bodybuilder/elegant",12,3
"elm-bodybuilder/elm-function",1,1
"elm-bodybuilder/formbuilder",3,2
"elm-bodybuilder/formbuilder-autocomplete",7,0
"elm-bodybuilder/formbuilder-photo",4,0
"elm-canvas/element-relative-mouse-events",2,0
"Elm-Canvas/element-relative-mouse-events",2,0
"elm-canvas/raster-shapes",2,0
"Elm-Canvas/raster-shapes",2,0
"elm-community/array-extra",1,5
"elm-community/basics-extra",1,5
"elm-community/dict-extra",1,2
"elm-community/easing-functions",1,4
"elm-community/elm-check",9,8
"elm-community/elm-datepicker",2,0
"elm-community/elm-history",1,7
"elm-community/elm-json-extra",1,0
"elm-community/elm-lazy-list",2,7
"elm-community/elm-linear-algebra",1,6
"elm-community/elm-list-extra",1,3
"elm-community/elm-material-icons",5,2
"elm-community/elm-random-extra",1,2
"elm-community/elm-route",2,0
"elm-community/elm-test",10,51
"elm-community/elm-time",4,1
"elm-community/elm-undo-redo",4,0
"elm-community/elm-webgl",3,3
"elm-community/graph",5,0
"elm-community/html-extra",3,1
"elm-community/html-test-runner",5,0
"elm-community/intdict",1,3
"elm-community/json-extra",1,20
"elm-community/lazy-list",2,8
"elm-community/linear-algebra",1,13
"elm-community/list-extra",1,79
"elm-community/list-split",1,0
"elm-community/material-icons",3,0
"elm-community/maybe-extra",1,22
"elm-community/parser-combinators",2,8
"elm-community/random-extra",1,8
"elm-community/ratio",1,3
"elm-community/result-extra",1,4
"elm-community/shrink",4,12
"elm-community/string-extra",1,9
"elm-community/svg-extra",4,0
"elm-community/typed-svg",4,1
"elm-community/undo-redo",5,0
"elm-community/webgl",2,5
"elm-lang/animation-frame",1,16
"elm-lang/dom",1,22
"elm-lang/geolocation",1,0
"elm-lang/html",2,547
"elm-lang/http",1,99
"elm-lang/keyboard",2,23
"elm-lang/lazy",1,16
"elm-lang/mouse",2,30
"elm-lang/navigation",3,26
"elm-lang/page-visibility",1,0
"elm-lang/svg",3,88
"elm-lang/trampoline",1,4
"elm-lang/virtual-dom",1,26
"elm-lang/websocket",1,7
"elm-lang/window",2,22
"elm-tools/documentation",2,0
"elm-tools/parser",2,14
"elm-tools/parser-primitives",1,3
"emilyhorsman/elm-speechrecognition-interop",2,0
"emtenet/elm-component-support",2,0
"enetsee/rangeslider",3,0
"enetsee/typed-format",2,0
"EngageSoftware/elm-dnn-http",7,0
"engagesoftware/elm-dnn-localization",4,0
"EngageSoftware/elm-dnn-localization",4,1
"ericgj/elm-accordion-menu",2,0
"ericgj/elm-autoinput",2,0
"ericgj/elm-csv-decode",1,0
"ericgj/elm-quantiles",1,0
"ericgj/elm-validation",1,0
"ersocon/creditcard-validation",1,0
"erwald/elm-edit-distance",2,0
"esanmiguelc/elm-validate",1,0
"eskimoblood/elm-color-extra",2,11
"eskimoblood/elm-parametric-surface",2,0
"eskimoblood/elm-simplex-noise",4,0
"eskimoblood/elm-wallpaper",1,0
"etaque/elm-dialog",5,0
"etaque/elm-form",3,1
"etaque/elm-hexagons",1,0
"etaque/elm-response",2,5
"etaque/elm-route-parser",2,0
"etaque/elm-simple-form",3,2
"etaque/elm-simple-form-infix",2,0
"etaque/elm-transit",5,3
"etaque/elm-transit-router",5,0
"etaque/elm-transit-style",4,0
"evancz/automaton",1,2
"evancz/elm-effects",1,36
"evancz/elm-graphics",2,13
"evancz/elm-html",2,69
"evancz/elm-http",1,39
"evancz/elm-markdown",3,12
"evancz/elm-sortable-table",2,0
"evancz/elm-svg",3,11
"evancz/focus",2,11
"evancz/start-app",3,8
"evancz/task-tutorial",1,1
"evancz/url-parser",3,4
"evancz/virtual-dom",1,7
"FabienHenon/elm-infinite-list-view",2,0
"FabienHenon/elm-infinite-scroll",2,0
"FabienHenon/elm-pull-to-refresh",6,0
"FabienHenon/jsonapi",3,0
"FabienHenon/jsonapi-decode",3,0
"fabiommendes/elm-bricks",2,0
"fabiommendes/elm-dynamic-forms",4,0
"fabiommendes/elm-sexpr",3,0
"fapian/elm-html-aria",2,0
"fauu/elm-selectable-text",3,0
"fbonetti/elm-geodesy",1,0
"fbonetti/elm-phoenix-socket",3,0
"fedragon/elm-typed-dropdown",3,0
"felipesere/elm-github-colors",1,0
"fiatjaf/hashbow-elm",3,0
"flarebyte/ntriples-filter",1,0
"folkertdev/elm-bounding-box",4,1
"folkertdev/elm-deque",2,1
"folkertdev/elm-hexbin",8,0
"folkertdev/elm-state",1,3
"folkertdev/elm-treemap",4,0
"folkertdev/one-true-path-experiment",9,1
"folkertdev/outmessage",2,1
"folkertdev/svg-path-dsl",3,1
"folkertdev/svg-path-lowlevel",3,1
"freakingawesome/drunk-label",3,0
"fredcy/elm-debouncer",2,0
"fredcy/elm-defer-command",2,0
"fredcy/elm-parseint",1,7
"fredcy/elm-timer",2,0
"frenchdonuts/elm-autocomplete",5,0
"Fresheyeball/elm-animate-css",1,0
"fresheyeball/elm-cardinal",1,0
"Fresheyeball/elm-cardinal",1,0
"fresheyeball/elm-check-runner",1,0
"Fresheyeball/elm-font-awesome",2,1
"Fresheyeball/elm-function-extra",2,2
"Fresheyeball/elm-guards",1,1
"Fresheyeball/elm-nearly-eq",1,0
"Fresheyeball/elm-number-expanded",1,0
"Fresheyeball/elm-restrict-number",1,0
"Fresheyeball/elm-return",1,1
"Fresheyeball/elm-sprite",1,0
"Fresheyeball/elm-tuple-extra",1,3
"Fresheyeball/elm-yala",2,0
"Fresheyeball/perspective",2,0
"Fresheyeball/sprite",2,0
"gaborv/debouncer",1,0
"gampleman/elm-visualization",8,1
"garetht/elm-dynamic-style",3,0
"geppettodivacin/elm-couchdb",3,0
"ggb/elm-bloom",2,0
"ggb/elm-sentiment",1,0
"ggb/elm-trend",2,0
"ggb/numeral-elm",2,0
"ggb/porterstemmer",1,0
"ggpeti/elm-html-decoder",3,0
"ggPeti/elm-html-decoder",3,0
"ghivert/elm-cloudinary",3,0
"ghivert/elm-colors",1,0
"ghivert/elm-data-dumper",2,0
"ghivert/elm-graphql",3,0
"ghivert/elm-mapbox",4,0
"gicentre/elm-vega",2,0
"gilbertkennen/bigint",3,2
"gilesbowkett/html-escape-sequences",2,0
"Gizra/elm-all-set",3,0
"Gizra/elm-attribute-builder",2,0
"Gizra/elm-compat-017",1,0
"Gizra/elm-compat-018",1,0
"Gizra/elm-debouncer",2,0
"Gizra/elm-dictlist",3,0
"Gizra/elm-editable-webdata",4,0
"Gizra/elm-essentials",12,1
"Gizra/elm-keyboard-event",2,0
"Gizra/elm-restful",6,0
"Gizra/elm-storage-key",2,0
"GlobalWebIndex/class-namespaces",2,0
"GlobalWebIndex/cmd-extra",1,0
"GlobalWebIndex/segment-elm",4,0
"gmauricio/elm-semantic-ui",2,0
"gribouille/elm-graphql",3,0
"gribouille/elm-prelude",1,0
"gribouille/elm-table",3,0
"gribouille/elm-treeview",2,0
"grrinchas/elm-graphql-client",3,0
"grrinchas/elm-natural",2,0
"Guid75/ziplist",1,0
"guillaumeboudon/elm-creditcard",3,0
"gummesson/elm-csv",1,0
"h0lyalg0rithm/elm-select",2,0
"halfzebra/elm-aframe",3,0
"halfzebra/elm-sierpinski",3,0
"hanshoglund/elm-interval",1,0
"hardfire/elm-ad-bs",1,0
"hawx/elm-mixpanel",4,0
"hecrj/elm-slug",1,0
"hendore/elm-adorable-avatars",2,0
"hendore/elm-temperature",2,0
"heyLu/elm-format-date",2,0
"hickscorp/elm-bigint",4,1
"hoelzro/elm-drag",3,0
"HolyMeekrob/elm-font-awesome-5",2,0
"hrldcpr/elm-cons",1,0
"hugobessaa/elm-logoot",1,0
"humio/elm-dashboard",3,0
"humio/elm-plot",5,0
"ianmackenzie/elm-float-extra",1,1
"ianmackenzie/elm-interval",2,0
"ianmackenzie/elm-triangular-mesh",2,0
"ianp/elm-datepicker",2,0
"icidasset/css-support",1,0
"identicalsnowflake/elm-dynamic-style",3,0
"identicalsnowflake/elm-typed-styles",3,0
"imbybio/cachedremotedata",3,0
"imbybio/outmessage-nested",3,0
"imeckler/either",1,0
"imeckler/empty",1,0
"imeckler/iterator",2,0
"imeckler/piece",2,0
"imeckler/queue",1,4
"imeckler/ratio",1,2
"imeckler/stage",2,0
"imjoehaines/afinn-165-elm",2,0
"ingara/elm-asoiaf-api",6,0
"inkuzmin/elm-multiselect",7,0
"iodevs/elm-validate",3,0
"iosphere/elm-i18n",5,0
"iosphere/elm-logger",1,0
"iosphere/elm-network-graph",3,0
"iosphere/elm-toast",1,0
"ir4y/elm-cursor",2,0
"ir4y/elm-dnd",3,0
"ivanceras/svgbob",3,0
"j-panasiuk/elm-ionicons",3,0
"jackfranklin/elm-console-log",1,0
"jackfranklin/elm-parse-link-header",2,0
"jackfranklin/elm-statey",1,0
"jackwillis/elm-dialog",4,0
"jahewson/elm-graphql-module",2,0
"jamby1100/elm-blog-engine",7,0
"jamesmacaulay/elm-graphql",2,0
"jamesmacaulay/elm-json-bidirectional",1,0
"janiczek/cmd-extra",1,0
"Janiczek/cmd-extra",1,0
"Janiczek/elm-architecture-test",4,0
"Janiczek/elm-encoding",2,0
"janiczek/elm-markov",4,0
"Janiczek/package-info",2,0
"janjelinek/creditcard-validation",1,0
"jaredramirez/elm-parser",1,0
"jasonmahr/html-escape-sequences",4,0
"jastice/boxes-and-bubbles",1,0
"jastice/president",2,0
"javcasas/elm-decimal",2,0
"javcasas/elm-integer",1,1
"jcollard/elm-playground",2,0
"jcollard/key-constants",1,1
"JeremyBellows/elm-bootstrapify",2,0
"jergason/elm-hash",1,1
"jessitron/elm-http-with-headers",2,0
"jessitron/elm-param-parsing",4,0
"jfairbank/elm-stream",1,0
"jfmengels/elm-ast",3,1
"jfmengels/elm-lint",6,0
"jinjor/elm-contextmenu",4,1
"jinjor/elm-csv-decode",3,0
"jinjor/elm-debounce",2,0
"jinjor/elm-diff",3,1
"jinjor/elm-html-parser",6,0
"jinjor/elm-inline-hover",2,1
"jinjor/elm-time-travel",11,1
"jinjor/elm-transition",3,0
"jinjor/elm-xml-parser",3,1
"jmackie4/elm-bulma",2,0
"joefiorini/elm-time-machine",1,0
"JoelQ/elm-dollar",1,0
"JoeyEremondi/array-multidim",3,0
"JoeyEremondi/elm-MultiDimArray",2,0
"JoeyEremondi/elm-SafeLists",2,1
"JoeyEremondi/elm-typenats",1,1
"JoeyEremondi/safelist",2,1
"JoeyEremondi/typenats",1,2
"john-kelly/elm-interactive-graphics",7,0
"john-kelly/elm-postgrest",3,0
"john-kelly/elm-rest",2,0
"JohnBugner/elm-bag",2,0
"JohnBugner/elm-loop",2,0
"johnpmayer/elm-linear-algebra",1,3
"johnpmayer/elm-opaque",1,0
"johnpmayer/elm-webgl",3,1
"johnpmayer/state",1,1
"johnpmayer/tagtree",2,0
"johnpmayer/vec2",1,0
"jonathanfishbein1/elm-comment",9,0
"joneshf/elm-",1,0
"joneshf/elm-comonad",2,0
"joneshf/elm-constraint",1,0
"joneshf/elm-mom",1,0
"joneshf/elm-proof",1,0
"joneshf/elm-proxy",1,0
"joneshf/elm-tagged",1,0
"joneshf/elm-tail-recursion",1,0
"joneshf/elm-these",1,0
"joonazan/elm-ast",3,0
"joonazan/elm-type-inference",3,0
"JordyMoos/elm-clockpicker",5,0
"JordyMoos/elm-pageloader",3,0
"jpagex/elm-geoip",4,0
"jpagex/elm-loader",3,0
"jpagex/elm-material-color",1,0
"jreut/elm-grid",1,0
"jsanchesleao/elm-assert",2,0
"jschomay/elm-bounded-number",2,1
"jschomay/elm-narrative-engine",5,0
"jschomay/elm-paginate",3,0
"jschonenberg/elm-dropdown",4,0
"jtanguy/moulin-rouge",6,0
"jterbraak/DateOp",1,1
"jtojnar/elm-json-tape",2,0
"juanedi/charty",4,0
"JulianKniephoff/elm-time-extra",1,0
"justgage/tachyons-elm",2,0
"justgook/elm-tiled-decode",3,0
"justinmimbs/elm-arc-diagram",3,0
"justinmimbs/elm-date-extra",1,9
"justinmimbs/elm-date-selector",3,0
"JustusAdam/elm-path",1,0
"jvdvleuten/url-parser-combinator",2,0
"jvoigtlaender/elm-drag",2,0
"jvoigtlaender/elm-drag-and-drop",2,0
"jvoigtlaender/elm-gauss",5,0
"jvoigtlaender/elm-memo",3,1
"jvoigtlaender/elm-warshall",2,0
"jweir/elm-iso8601",1,1
"jweir/sparkline",3,0
"jwmerrill/elm-animation-frame",1,0
"jwoudenberg/elm-test-experimental",6,0
"jwoudenberg/html-typed",3,0
"jxxcarlson/convolvemachine",2,0
"jxxcarlson/geometry",3,1
"jxxcarlson/graphdisplay",5,0
"jxxcarlson/minilatex",5,0
"jystic/elm-font-awesome",5,2
"kallaspriit/elm-basic-auth",3,0
"kalutheo/elm-ui-explorer",3,0
"karldray/elm-ref",2,0
"kennib/elm-maps",3,0
"kennib/elm-swipe",1,0
"kfish/glsl-pasta",2,0
"kfish/quaternion",3,0
"kintail/input-widget",2,0
"Kinto/elm-kinto",5,0
"kirchner/elm-selectize",8,0
"kirchner/form-validation",2,0
"kkpoon/elm-auth0",4,0
"kkpoon/elm-auth0-urlparser",3,0
"kkpoon/elm-echarts",2,0
"klaftertief/elm-heatmap",3,0
"knewter/elm-rfc5988-parser",3,0
"knledg/touch-events",3,0
"koyachi/elm-sha",1,0
"kress95/random-pcg-extra",2,0
"krisajenkins/elm-astar",4,0
"krisajenkins/elm-cdn",3,1
"krisajenkins/elm-dialog",12,0
"krisajenkins/elm-exts",19,4
"krisajenkins/formatting",7,0
"krisajenkins/history",2,0
"krisajenkins/remotedata",4,14
"ktonon/elm-aws-core",8,1
"ktonon/elm-child-update",1,0
"ktonon/elm-crypto",2,4
"ktonon/elm-english-dictionary",2,0
"ktonon/elm-hmac",3,0
"ktonon/elm-jsonwebtoken",7,1
"ktonon/elm-memo-pure",1,0
"ktonon/elm-serverless",5,2
"ktonon/elm-serverless-auth-jwt",4,0
"ktonon/elm-serverless-cors",4,0
"ktonon/elm-test-extra",6,0
"ktonon/elm-word",2,4
"ktonon/url-parser",2,1
"KtorZ/elm-notification",4,0
"kuon/elm-hsluv",1,0
"kuon/elm-string-normalize",1,0
"kuzminadya/mogeefont",1,0
"kuzzmi/elm-gravatar",4,0
"Kwarrtz/render",5,0
"labzero/elm-google-geocoding",4,0
"lagunoff/elm-mdl",6,0
"larribas/elm-image-slider",3,0
"larribas/elm-multi-email-input",3,0
"larribas/elm-multi-input",3,0
"laszlopandy/elm-console",1,20
"lattenwald/elm-base64",6,1
"layer6ai/elm-filter-box",8,0
"layer6ai/elm-query-builder",6,0
"league/difference-list",1,0
"league/unique-id",1,0
"Leonti/elm-material-datepicker",4,0
"Leonti/elm-time-picker",3,0
"lgastako/elm-select",2,0
"liamcurry/elm-media",1,0
"Logiraptor/elm-bench",2,0
"lorenzo/elm-string-addons",1,0
"lorenzo/elm-tree-diagram",5,0
"lovasoa/choices",2,0
"lovasoa/elm-component-list",2,0
"lovasoa/elm-csv",1,1
"lovasoa/elm-format-number",1,0
"lovasoa/elm-jsonpseudolist",1,0
"lovasoa/elm-median",1,0
"lovasoa/elm-nested-list",1,0
"lovasoa/elm-rolling-list",1,0
"lucamug/elm-style-framework",6,0
"lucamug/elm-styleguide-generator",3,1
"lucasssm/simpledate",3,0
"ludvigsen/elm-svg-ast",5,0
"luftzig/elm-quadtree",2,0
"Luftzig/elm-quadtree",2,0
"lukewestby-fake-elm-lang-1/redirect-test-1",2,0
"lukewestby/elm-http-builder",3,7
"lukewestby/elm-http-extra",2,2
"lukewestby/elm-i18n",2,0
"lukewestby/elm-string-interpolate",4,2
"lukewestby/elm-template",1,0
"lukewestby/http-extra",2,0
"lukewestby/lru-cache",2,0
"lukewestby/package-info",2,0
"lukewestby/worker",2,0
"lynn/elm-arithmetic",1,0
"lynn/elm-ordinal",1,0
"lzrski/elm-polymer",2,0
"M1chaelTran/elm-graphql",2,0
"MacCASOutreach/graphicsvg",7,0
"MadonnaMat/elm-select-two",6,0
"maksar/elm-function-extra",1,0
"maksar/elm-workflow",6,0
"maorleger/elm-flash",1,0
"maorleger/elm-infinite-zipper",2,0
"marcosccm/elm-datepicker",2,0
"marcosh/elm-html-to-unicode",4,0
"marshallformula/arrangeable-list",2,0
"marshallformula/elm-swiper",2,0
"martin-volf/elm-jsonrpc",2,0
"MartinKavik/elm-combinatorics",2,0
"martinsk/elm-datastructures",2,0
"massung/elm-css",2,0
"matheus23/elm-drag-and-drop",8,0
"matheus23/please-focus-more",3,1
"MatthewJohnHeath/elm-fingertree",2,0
"matthewrankin/elm-mdl",5,0
"matthewsj/elm-ordering",1,0
"mattjbray/elm-prismicio",5,0
"mattrrichard/elm-disjoint-set",1,0
"maximoleinyk/elm-parser-utils",2,0
"maxsnew/IO",1,11
"maxsnew/lazy",1,8
"MazeChaZer/elm-ckeditor",2,0
"mbr/elm-mouse-events",3,0
"mbylstra/elm-html-helpers",2,0
"mc706/elm-clarity-ui",2,0
"mdgriffith/elm-animation-pack",3,0
"mdgriffith/elm-color-mixing",1,0
"mdgriffith/elm-html-animation",3,0
"mdgriffith/elm-style-animation",5,5
"mdgriffith/elm-style-animation-0.16",2,0
"mdgriffith/elm-style-animation-zero-sixteen",2,0
"mdgriffith/style-elements",8,5
"mdgriffith/stylish-elephants",5,3
"mgold/Elm-Align-Distribute",1,0
"mgold/elm-animation",2,1
"mgold/elm-date-format",3,3
"mgold/Elm-Format-String",2,0
"mgold/elm-geojson",1,1
"mgold/elm-join",1,0
"mgold/Elm-Multiset",3,0
"mgold/elm-nonempty-list",1,3
"mgold/elm-random-pcg",1,23
"mgold/elm-random-sample",1,1
"mgold/Elm-Random-Sampling",1,0
"mgold/elm-socketio",1,0
"mgold/elm-turtle-graphics",2,0
"mhoare/elm-stack",2,1
"MichaelCombs28/elm-base85",1,0
"MichaelCombs28/elm-dom",2,1
"MichaelCombs28/elm-mdl",6,0
"MichaelCombs28/elm-parts",1,2
"MichaelCombs28/unit-list",2,0
"micktwomey/elmo-8",12,0
"MikaelMayer/parser",2,0
"mikaxyz/elm-cropper",5,0
"milesrock/elm-creditcard",3,0
"miyamoen/elm-todofuken",1,0
"mkovacs/quaternion",2,1
"mmetcalfe/elm-random-distributions",1,0
"monty5811/elm-bible",1,0
"monty5811/remote-list",1,0
"mpdairy/elm-component-updater",1,0
"mpizenberg/elm-debounce",1,0
"mpizenberg/elm-image-annotation",7,0
"mpizenberg/elm-image-collection",4,1
"mpizenberg/elm-mouse-events",2,1
"mpizenberg/elm-pointer-events",3,0
"mpizenberg/elm-touch-events",2,2
"mrpinsky/elm-keyed-list",1,0
"mrvicadai/elm-palette",2,0
"mrvicadai/elm-stats",4,0
"mthadley/elm-byte",1,1
"mukeshsoni/elm-rope",2,0
"mulander/diceware",1,0
"mxgrn/elm-phoenix-socket",3,0
"myrho/dive",9,0
"myrho/elm-round",1,10
"myrho/elm-statistics",1,0
"naddeoa/elm-simple-bootstrap",2,0
"naddeoa/quick-cache",1,0
"naddeoa/stream",2,0
"nathanfox/elm-string-format",2,0
"nathanjohnson320/base58",3,0
"nathanjohnson320/ecurve",4,0
"nathanjohnson320/elmark",6,0
"ndr-qef/microkanren.elm",1,0
"neurodynamic/elm-parse-html",3,0
"newlandsvalley/elm-abc-parser",5,0
"newlandsvalley/elm-binary-base64",1,2
"newlandsvalley/elm-comidi",2,0
"nkotzias/elm-jsonp",2,0
"noahzgordon/elm-jsonapi",6,1
"noahzgordon/elm-jsonapi-http",4,0
"nonpop/elm-purl",4,0
"NoRedInk/datetimepicker",8,0
"NoRedInk/elm-api-components",8,0
"NoRedInk/elm-check",6,9
"NoRedInk/elm-compare",1,0
"NoRedInk/elm-decode-pipeline",2,39
"NoRedInk/elm-doodad",10,0
"NoRedInk/elm-feature-interest",10,0
"NoRedInk/elm-formatted-text",4,0
"NoRedInk/elm-lazy-list",3,7
"NoRedInk/elm-phoenix",3,0
"NoRedInk/elm-rails",3,0
"NoRedInk/elm-random-extra",2,5
"NoRedInk/elm-rfc5988-parser",3,0
"NoRedInk/elm-shrink",3,3
"NoRedInk/elm-simple-fuzzy",1,0
"NoRedInk/elm-string-extra",1,0
"NoRedInk/elm-sweet-poll",3,0
"NoRedInk/elm-task-extra",1,5
"NoRedInk/elm-view-utils",2,0
"NoRedInk/json-elm-schema",10,0
"NoRedInk/list-selection",1,0
"NoRedInk/noredink-ui",6,0
"NoRedInk/nri-elm-css",2,4
"NoRedInk/rocket-update",1,0
"NoRedInk/start-app",2,0
"NoRedInk/style-elements",6,0
"NoRedInk/view-extra",2,1
"norpan/elm-html5-drag-drop",2,1
"norpan/elm-json-patch",2,1
"nphollon/collision",4,0
"nphollon/collisions",5,0
"nphollon/geo3d",3,1
"nphollon/interpolate",3,0
"nphollon/mechanics",1,0
"nphollon/update-clock",1,1
"nvaldes/elm-bootstrap",6,0
"ohanhi/autoexpand",2,1
"ohanhi/elm-web-data",2,0
"ohanhi/keyboard-extra",2,5
"ohanhi/lorem",2,0
"ohanhi/remotedata-http",4,1
"OldhamMade/elm-charts",2,0
"oleiade/elm-maestro",1,0
"omarroth/elm-dom",2,0
"omarroth/elm-parts",1,0
"omnidungeon/layout",2,0
"ondras/elm-irc",5,0
"opensolid/geometry",1,9
"opensolid/linear-algebra",4,0
"opensolid/linear-algebra-interop",3,0
"opensolid/mesh",2,0
"opensolid/svg",5,1
"opensolid/webgl-math",4,0
"opensolid/webgl-math-interop",3,0
"orus-io/elm-openid-connect",5,0
"overminddl1/program-ex",2,0
"owanturist/elm-validation",1,0
"ozmat/elm-validation",1,0
"pablen/toasty",2,0
"pablohirafuji/elm-char-codepoint",1,2
"pablohirafuji/elm-markdown",4,3
"pablohirafuji/elm-qrcode",5,0
"pablohirafuji/elm-syntax-highlight",3,0
"paramanders/elm-hexagon",2,0
"patrickjtoy/elm-table",3,0
"paulcorke/elm-number-format",2,0
"paulcorke/elm-string-split",1,1
"pdamoc/elm-css",3,0
"pdamoc/elm-hashids",1,0
"pdamoc/elm-ports-driver",2,0
"periodic/elm-csv",2,1
"peterszerzo/elm-arborist",4,0
"peterszerzo/elm-cms",7,0
"peterszerzo/elm-gameroom",11,0
"peterszerzo/elm-natural-ui",7,0
"peterszerzo/elm-porter",1,0
"pietro909/elm-sticky-header",4,0
"Pilatch/elm-simple-port-program",2,0
"pinx/elm-mdl",6,0
"piotrdubiel/elm-art-in-pi",4,0
"powet/elm-funfolding",4,0
"poying/elm-router",1,0
"poying/elm-style",2,0
"poying/sloth.elm",1,0
"prikhi/decimal",2,0
"prikhi/elm-http-builder",3,1
"prikhi/paginate",4,0
"prikhi/remote-status",1,0
"primait/elm-autocomplete",2,0
"pristap/smart-text",2,0
"pro100filipp/elm-graphql",3,0
"project-fuzzball/node",6,0
"project-fuzzball/test",4,3
"project-fuzzball/test-runner",4,2
"prozacchiwawa/effmodel",2,0
"prozacchiwawa/elm-json-codec",2,0
"prozacchiwawa/elm-keccak",4,0
"prozacchiwawa/elm-urlbase64",1,1
"publeaks/elm-rivescript",2,0
"pukkamustard/elm-identicon",5,0
"purohit/style-elements",4,0
"pwentz/elm-pretty-printer",3,0
"pzingg/elm-navigation-extra",5,0
"r-k-b/elm-interval",2,0
"r-k-b/map-accumulate",2,0
"r31gN/elm-dropdown",2,0
"rainteller/elm-capitalize",2,0
"rajasharan/elm-automatic-differentiation",1,0
"realyarilabs/yarimoji",2,0
"reginaldlouis/elm-mdl-flex",2,0
"rehno-lindeque/elm-signal-alt",1,0
"reiner-dolp/elm-natural-ordering",1,0
"relabsoss/elm-date-extra",1,0
"remoteradio/elm-widgets",3,0
"RGBboy/websocket-server",7,0
"rgrempel/elm-http-decorators",4,0
"rgrempel/elm-route-hash",5,0
"rgrempel/elm-route-url",10,0
"rhofour/elm-astar",2,0
"rhofour/elm-pairing-heap",2,3
"rizafahmi/elm-semantic-ui",2,0
"rjbma/elm-modal",2,0
"rjdestigter/elm-convert-units",2,0
"rkrupinski/elm-range-slider",5,0
"rl-king/elm-modular-scale",1,0
"rluiten/elm-date-extra",1,10
"rluiten/elm-text-search",5,1
"rluiten/lunrelm",4,0
"rluiten/mailcheck",4,0
"rluiten/sparsevector",1,2
"rluiten/stemmer",1,2
"rluiten/stringdistance",1,1
"rluiten/trie",1,2
"rnons/elm-svg-loader",4,0
"rnons/elm-svg-parser",5,1
"rnons/ordered-containers",1,0
"RobbieMcKinstry/stripe",3,0
"robertjlooby/elm-draggable-form",1,0
"robertjlooby/elm-generic-dict",1,1
"robinpokorny/elm-brainfuck",1,0
"robx/elm-edn",3,0
"rodinalex/elm-cron",3,0
"rogeriochaves/elm-ternary",2,0
"rogeriochaves/elm-test-bdd-style",7,0
"rogeriochaves/elm-testable",8,1
"rogeriochaves/elm-testable-css-helpers",3,0
"roine/elm-perimeter",3,0
"rolograaf/elm-favicon",2,0
"RomanErnst/updated-list",2,0
"romstad/elm-chess",2,0
"roSievers/font-awesome",2,0
"RoyalIcing/datadown-elm",4,0
"RoyalIcing/inflexio",1,0
"RoyalIcing/lofi-elm",3,1
"RoyalIcing/lofi-schema-elm",4,0
"rtfeldman/console-print",1,3
"rtfeldman/count",1,0
"rtfeldman/elm-css",6,38
"rtfeldman/elm-css-helpers",4,28
"rtfeldman/elm-css-util",1,7
"rtfeldman/elm-validate",1,2
"rtfeldman/hashed-class",5,0
"rtfeldman/hex",1,13
"rtfeldman/html-test-runner",4,1
"rtfeldman/legacy-elm-test",9,0
"rtfeldman/node-test-runner",5,5
"rtfeldman/selectlist",1,1
"rtfeldman/test-update",3,0
"rtfeldman/ziplist",1,0
"rundis/elm-bootstrap",6,2
"ryannhg/elm-date-format",1,0
"ryannhg/elm-moment",2,0
"ryanolsonx/elm-mock-http",2,0
"ryanolsonx/elm-time-range",1,0
"s3k/latte-charts",5,0
"s6o/elm-simplify",1,0
"SamirTalwar/arborist",2,0
"sanichi/elm-md5",1,1
"Saulzar/elm-keyboard-keys",3,0
"Saulzar/key-constants",1,0
"sawaken-experiment/elm-lisp-parser",3,0
"sch/elm-aspect-ratio",3,0
"scottcorgan/elm-css-normalize",6,0
"scottcorgan/elm-css-reset",6,0
"scottcorgan/elm-html-template",3,2
"scottcorgan/elm-keyboard-combo",3,0
"scottcorgan/keyboard-combo",3,0
"seanhess/elm-style",4,0
"seanpile/elm-orbit-controls",4,0
"seanpoulter/elm-versioning-spike",2,0
"SelectricSimian/elm-constructive",2,0
"seurimas/slime",4,0
"sgraf812/elm-access",2,0
"sgraf812/elm-graph",4,0
"sgraf812/elm-intdict",1,4
"sgraf812/elm-stateful",1,0
"sh4r3m4n/elm-piano",2,0
"shelakel/elm-validate",1,0
"shmookey/cmd-extra",1,1
"shutej/elm-rpcplus-runtime",1,0
"SHyx0rmZ/selectable-list",1,0
"SidneyNemzer/elm-remote-data",2,0
"simanaitis/elm-mdl",5,0
"simonewebdesign/elm-timer",1,0
"simonh1000/elm-charts",6,0
"simonh1000/elm-colorpicker",4,0
"simonh1000/elm-jwt",5,0
"simonh1000/elm-sliding-menus",4,0
"SimplyNaOH/elm-searchable-menu",3,0
"sindikat/elm-array-experimental",3,1
"sindikat/elm-list-experimental",3,1
"sindikat/elm-matrix",6,0
"sindikat/elm-maybe-experimental",2,0
"sixty-north/elm-price-chart",7,0
"sixty-north/elm-task-repeater",4,0
"sjorn3/elm-fields",1,0
"Skinney/collections-ng",3,0
"Skinney/elm-array-exploration",1,7
"Skinney/elm-dict-exploration",2,0
"Skinney/elm-dict-extra",1,0
"Skinney/fnv",1,2
"Skinney/murmur3",2,10
"soenkehahn/elm-operational",1,1
"soenkehahn/elm-operational-mocks",4,0
"spect88/romkan-elm",2,0
"spisemisu/elm-bytes",1,3
"spisemisu/elm-merkletree",2,0
"spisemisu/elm-sha",3,2
"spisemisu/elm-utf8",1,2
"splodingsocks/elm-add-import",4,0
"splodingsocks/elm-easy-events",2,0
"splodingsocks/elm-html-table",2,0
"splodingsocks/elm-tailwind",2,1
"splodingsocks/elm-type-extractor",6,0
"splodingsocks/hipstore-ui",8,0
"splodingsocks/validatable",3,0
"sporto/elm-autocomplete",3,0
"sporto/elm-dropdown",3,1
"sporto/elm-select",4,0
"sporto/erl",6,7
"sporto/hop",9,0
"sporto/polylinear-scale",1,0
"sporto/qs",2,0
"Spottt/elm-dialog",10,0
"stasdavydov/elm-cart",4,0
"stephenreddek/elm-range-slider",5,0
"stephenreddek/elm-time-picker",2,0
"stil4m/elm-aui-css",5,0
"stil4m/elm-syntax",6,0
"stil4m/rfc2822-datetime",2,0
"stil4m/structured-writer",1,1
"stoeffel/datetimepicker",8,0
"stoeffel/editable",2,1
"stoeffel/elm-verify",1,0
"stoeffel/resetable",2,0
"stoeffel/set-extra",2,0
"supermario/elm-countries",1,0
"surprisetalk/elm-bulma",8,0
"surprisetalk/elm-icon",2,0
"surprisetalk/elm-pointless",1,1
"swiftsnamesake/euclidean-space",2,0
"SwiftsNamesake/euclidean-space",2,0
"SwiftsNamesake/please-focus",2,2
"SwiftsNamesake/proper-keyboard",3,2
"synbioz/elm-time-overlap",1,0
"szabba/elm-animations",1,0
"szabba/elm-laws",2,0
"szabba/elm-timestamp",2,0
"tapeinosyne/elm-microkanren",1,0
"techanvil/key-constants",1,0
"teepark/elmoji",2,0
"teocollin1995/complex",1,0
"terezka/colors",2,1
"terezka/coordinates",3,0
"terezka/elm-cartesian-svg",3,0
"terezka/elm-plot",5,2
"terezka/elm-plot-rouge",4,0
"terezka/elm-view-utils",2,0
"tesk9/accessible-html",2,2
"tesk9/accessible-html-with-css",3,0
"tesk9/elm-html-a11y",6,1
"tesk9/elm-html-textup",3,0
"tesk9/elm-tabs",8,0
"thalissonmelo/elmcounter",2,0
"thaterikperson/elm-blackjack",2,0
"thaterikperson/elm-strftime",1,0
"the-sett/ai-search",7,0
"the-sett/auth-elm",7,0
"the-sett/elm-pretty-printer",3,0
"the-sett/elm-state-machines",1,0
"the-sett/elm-string-case",1,0
"the-sett/elm-update-helper",1,0
"thebritican/elm-autocomplete",5,0
"TheDahv/doctari",3,0
"TheSeamau5/elm-check",5,3
"TheSeamau5/elm-history",1,2
"TheSeamau5/elm-html-decoder",1,0
"TheSeamau5/elm-lazy-list",3,3
"TheSeamau5/elm-material-icons",3,0
"TheSeamau5/elm-quadtree",1,0
"TheSeamau5/elm-random-extra",2,4
"TheSeamau5/elm-rosetree",2,0
"TheSeamau5/elm-router",1,0
"TheSeamau5/elm-shrink",3,4
"TheSeamau5/elm-spring",2,0
"TheSeamau5/elm-task-extra",1,1
"TheSeamau5/elm-undo-redo",3,0
"TheSeamau5/flex-html",3,0
"TheSeamau5/GraphicsEngine",3,0
"TheSeamau5/selection-list",1,0
"TheSeamau5/typographic-scale",1,0
"ThinkAlexandria/elm-drag-locations",4,0
"ThinkAlexandria/elm-primer-tooltips",2,0
"ThinkAlexandria/keyboard-extra",2,0
"thomasloh/elm-phone",2,0
"ThomasWeiser/elmfire",1,4
"ThomasWeiser/elmfire-extra",2,2
"thSoft/ElmCache",1,0
"thSoft/ExternalStorage",1,0
"thSoft/key-constants",1,0
"tilmans/elm-style-elements-drag-drop",3,0
"timjs/elm-collage",5,0
"tiziano88/elm-oauth",4,0
"tiziano88/elm-protobuf",3,0
"tiziano88/elm-tfl",2,0
"tlentz/elm-adjustable-table",3,0
"tlentz/elm-fancy-table",5,0
"toastal/either",1,2
"toastal/return-optics",4,0
"toastal/select-prism",3,0
"toastal/trinary",1,0
"tomjkidd/elm-multiway-tree-zipper",1,4
"torgeir/elm-github-events",3,0
"tortus/elm-array-2d",1,0
"treffynnon/elm-tfn",1,0
"trifectalabs/elm-geojson",1,0
"trifectalabs/elm-polyline",8,0
"tripokey/elm-fuzzy",1,3
"truqu/elm-base64",8,12
"truqu/elm-dictset",1,0
"truqu/elm-mustache",1,0
"truqu/elm-oauth2",6,1
"truqu/elm-oauth2.0",6,0
"tryzniak/assoc",1,0
"TSFoster/elm-compare",1,0
"TSFoster/elm-heap",1,1
"tunguski/elm-ast",4,0
"turboMaCk/chae-tree",1,0
"turboMaCk/glue",2,0
"turboMaCk/grid-solver",1,0
"turboMaCk/lazy-tree-with-zipper",2,0
"turboMaCk/queue",1,0
"turboMaCk/tea-component",2,0
"tuxagon/elm-pokeapi",4,0
"typed-wire/elm-typed-wire-utils",1,0
"ucode/elm-path",1,0
"uehaj/IntRange",1,1
"valberg/elm-django-channels",3,0
"VerbalExpressions/elm-verbal-expressions",1,1
"vieiralucas/elm-collections",2,0
"vilterp/elm-diagrams",2,0
"vilterp/elm-html-extra",2,0
"vilterp/elm-pretty-print",2,0
"vipentti/elm-dispatch",2,0
"vito/elm-ansi",6,0
"vmchale/elm-composition",2,0
"Voronchuk/hexagons",6,0
"w0rm/elm-slice-show",9,0
"waratuman/elm-coder",3,2
"warry/ascii-table",2,0
"Warry/ascii-table",2,1
"Warry/elmi-decoder",4,0
"wende/elm-ast",3,0
"wende/elmchemy-core",1,0
"werner/diyalog",3,0
"wernerdegroot/listzipper",1,3
"williamwhitacre/elm-encoding",2,0
"williamwhitacre/elm-lexer",2,0
"williamwhitacre/gigan",18,0
"williamwhitacre/pylon",7,0
"williamwhitacre/scaffold",12,0
"willnwhite/bigratio",1,0
"wintvelt/elm-print-any",2,0
"wittjosiah/elm-alerts",7,0
"wittjosiah/elm-css",2,0
"wittjosiah/elm-ordered-dict",1,0
"wjdhamilton/elm-json-api-helpers",4,0
"wuct/elm-charts",2,0
"xarvh/elm-dropdown-menu",3,0
"xarvh/elm-gamepad",1,0
"xarvh/elm-slides",10,0
"xarvh/elm-styled-html",6,0
"xarvh/lexical-random-generator",2,0
"Xerpa/elm-graphql",4,0
"xilnocas/step",2,0
"y-taka-23/elm-github-ribbon",2,0
"ydschneider/regex-builder",1,0
"ymtszw/elm-amazon-product-advertising",8,0
"ymtszw/elm-http-xml",3,1
"ymtszw/elm-xml-decode",2,2
"yotamDvir/elm-katex",2,0
"yotamDvir/elm-pivot",1,0
"z5h/time-app",3,0
"zaboco/elm-draggable",5,1
"zaidan/elm-collision",1,0
"zaidan/elm-gridbox",3,0
"zaptic/elm-decode-pipeline-strict",1,0
"zarvunk/tuple-map",1,0
"zeckalpha/char-extra",1,1
"zeckalpha/elm-sexp",3,0
"Zinggi/elm-2d-game",6,0
"Zinggi/elm-game-resources",3,0
"Zinggi/elm-hash-icon",7,0
"Zinggi/elm-obj-loader",6,0
"Zinggi/elm-random-general",1,1
"Zinggi/elm-random-pcg-extended",2,0
"Zinggi/elm-webgl-math",1,4
"ZoltanOnody/tablueau-parser",2,0
"zwilias/elm-avl-dict-exploration",1,0
"zwilias/elm-disco",2,0
"zwilias/elm-holey-zipper",1,0
"zwilias/elm-html-string",2,0
"zwilias/elm-reorderable",2,0
"zwilias/elm-rosetree",1,0
"zwilias/elm-touch-events",2,1
"zwilias/elm-transcoder",2,0
"zwilias/elm-tree",4,0
"zwilias/elm-utf-tools",3,1
"zwilias/json-decode-exploration",3,0
"zwilias/json-encode-exploration",2,0
"deadfoxygrandpa/Elm-Test",0,15
"elm-lang/core",0,1271
"tsfoster/elm-heap",0,1
